ลำดับ,วันที่เอกสาร (Date),เลขที่ PL (Packing No.),เลขตู้ (Container No.),No. Item (Part Number),No. BDL (มัดที่),ขนาด / Description (MM),ยอดตาม PL (PCS),ปริมาตร (M3),ยอดรับเข้าแล้ว (PCS),ยอดคงเหลือ (PCS),สถานะการตรวจรับ,อัปเดตล่าสุด
1,2026-07-21,PL-28/ASN/TM/VII/26,TRHU 5939460/ID49590AA,S4S 17x100x520,1,17 x 100 x 520 MM,1266,1.119,0,1266,⏳ ยังไม่รับ,-
2,2026-07-21,PL-28/ASN/TM/VII/26,TRHU 5939460/ID49590AA,S4S 17x100x520,2,17 x 100 x 520 MM,1266,1.119,0,1266,⏳ ยังไม่รับ,-
3,2026-07-21,PL-28/ASN/TM/VII/26,TRHU 5939460/ID49590AA,S4S 17x100x520,3,17 x 100 x 520 MM,1266,1.119,0,1266,⏳ ยังไม่รับ,-
4,2026-07-21,PL-28/ASN/TM/VII/26,TRHU 5939460/ID49590AA,S4S 17x100x520,4,17 x 100 x 520 MM,1266,1.119,0,1266,⏳ ยังไม่รับ,-
5,2026-07-21,PL-28/ASN/TM/VII/26,TRHU 5939460/ID49590AA,S4S 17x100x520,5,17 x 100 x 520 MM,1266,1.119,0,1266,⏳ ยังไม่รับ,-
6,2026-07-21,PL-28/ASN/TM/VII/26,TRHU 5939460/ID49590AA,S4S 17x100x520,6,17 x 100 x 520 MM,1266,1.119,0,1266,⏳ ยังไม่รับ,-
7,2026-07-21,PL-28/ASN/TM/VII/26,TRHU 5939460/ID49590AA,S4S 17x100x520,7,17 x 100 x 520 MM,1266,1.119,0,1266,⏳ ยังไม่รับ,-
8,2026-07-21,PL-28/ASN/TM/VII/26,TRHU 5939460/ID49590AA,S4S 17x100x520,8,17 x 100 x 520 MM,1266,1.119,0,1266,⏳ ยังไม่รับ,-
9,2026-07-21,PL-28/ASN/TM/VII/26,TRHU 5939460/ID49590AA,S4S 17x100x520,9,17 x 100 x 520 MM,1266,1.119,0,1266,⏳ ยังไม่รับ,-
10,2026-07-21,PL-28/ASN/TM/VII/26,TRHU 5939460/ID49590AA,S4S 17x100x520,10,17 x 100 x 520 MM,1266,1.119,0,1266,⏳ ยังไม่รับ,-
11,2026-07-21,PL-28/ASN/TM/VII/26,TRHU 5939460/ID49590AA,S4S 17x100x470,11,17 x 100 x 470 MM,1266,1.012,0,1266,⏳ ยังไม่รับ,-
12,2026-07-21,PL-28/ASN/TM/VII/26,TRHU 5939460/ID49590AA,S4S 17x100x470,12,17 x 100 x 470 MM,1266,1.012,0,1266,⏳ ยังไม่รับ,-
13,2026-07-21,PL-28/ASN/TM/VII/26,TRHU 5939460/ID49590AA,S4S 17x100x470,13,17 x 100 x 470 MM,1266,1.012,0,1266,⏳ ยังไม่รับ,-
14,2026-07-21,PL-28/ASN/TM/VII/26,TRHU 5939460/ID49590AA,S4S 17x100x470,14,17 x 100 x 470 MM,1266,1.012,0,1266,⏳ ยังไม่รับ,-
15,2026-07-21,PL-28/ASN/TM/VII/26,TRHU 5939460/ID49590AA,S4S 17x100x470,15,17 x 100 x 470 MM,1266,1.012,0,1266,⏳ ยังไม่รับ,-
16,2026-07-21,PL-28/ASN/TM/VII/26,TRHU 5939460/ID49590AA,S4S 17x100x470,16,17 x 100 x 470 MM,1266,1.012,0,1266,⏳ ยังไม่รับ,-
17,2026-07-21,PL-28/ASN/TM/VII/26,TRHU 5939460/ID49590AA,S4S 17x100x470,17,17 x 100 x 470 MM,1266,1.012,0,1266,⏳ ยังไม่รับ,-
18,2026-07-21,PL-28/ASN/TM/VII/26,TRHU 5939460/ID49590AA,S4S 17x100x470,18,17 x 100 x 470 MM,1266,1.012,0,1266,⏳ ยังไม่รับ,-
19,2026-07-21,PL-28/ASN/TM/VII/26,TRHU 5939460/ID49590AA,S4S 17x100x470,19,17 x 100 x 470 MM,1266,1.012,0,1266,⏳ ยังไม่รับ,-
20,2026-07-21,PL-28/ASN/TM/VII/26,TRHU 5939460/ID49590AA,S4S 17x100x470,20,17 x 100 x 470 MM,1266,1.012,0,1266,⏳ ยังไม่รับ,-
21,2026-07-21,PL-28/ASN/TM/VII/26,TRHU 5939460/ID49590AA,S4S 17x100x470,21,17 x 100 x 470 MM,1266,1.012,0,1266,⏳ ยังไม่รับ,-
22,2026-07-21,PL-28/ASN/TM/VII/26,TRHU 5939460/ID49590AA,S4S 17x98x520,22,17 x 98 x 520 MM,1320,1.144,0,1320,⏳ ยังไม่รับ,-
23,2026-07-21,PL-28/ASN/TM/VII/26,TRHU 5939460/ID49590AA,S4S 17x98x470,23,17 x 98 x 470 MM,1320,1.034,0,1320,⏳ ยังไม่รับ,-
24,2026-07-21,PL-28/ASN/TM/VII/26,TRHU 5939460/ID49590AA,S4S 17x83x520,24,17 x 83 x 520 MM,1560,1.145,0,1560,⏳ ยังไม่รับ,-
25,2026-07-21,PL-28/ASN/TM/VII/26,TRHU 5939460/ID49590AA,S4S 17x83x520,25,17 x 83 x 520 MM,1560,1.145,0,1560,⏳ ยังไม่รับ,-
26,2026-07-21,PL-28/ASN/TM/VII/26,TRHU 5939460/ID49590AA,S4S 17x83x520,26,17 x 83 x 520 MM,1560,1.145,0,1560,⏳ ยังไม่รับ,-
27,2026-07-21,PL-28/ASN/TM/VII/26,TRHU 5939460/ID49590AA,S4S 17x83x520,27,17 x 83 x 520 MM,1560,1.145,0,1560,⏳ ยังไม่รับ,-
28,2026-07-21,PL-28/ASN/TM/VII/26,TRHU 5939460/ID49590AA,S4S 17x83x520,28,17 x 83 x 520 MM,1560,1.145,0,1560,⏳ ยังไม่รับ,-
29,2026-07-21,PL-28/ASN/TM/VII/26,TRHU 5939460/ID49590AA,S4S 17x83x470,29,17 x 83 x 470 MM,1560,1.035,0,1560,⏳ ยังไม่รับ,-
30,2026-07-21,PL-28/ASN/TM/VII/26,TRHU 5939460/ID49590AA,S4S 17x83x470,30,17 x 83 x 470 MM,1560,1.035,0,1560,⏳ ยังไม่รับ,-
31,2026-07-21,PL-28/ASN/TM/VII/26,TRHU 5939460/ID49590AA,S4S 17x83x470,31,17 x 83 x 470 MM,1560,1.035,0,1560,⏳ ยังไม่รับ,-
32,2026-07-21,PL-28/ASN/TM/VII/26,TRHU 5939460/ID49590AA,S4S 17x83x470,32,17 x 83 x 470 MM,1560,1.035,0,1560,⏳ ยังไม่รับ,-
33,2026-07-21,PL-28/ASN/TM/VII/26,TRHU 5939460/ID49590AA,S4S 17x78x520,33,17 x 78 x 520 MM,1644,1.134,0,1644,⏳ ยังไม่รับ,-
34,2026-07-21,PL-28/ASN/TM/VII/26,TRHU 5939460/ID49590AA,S4S 17x78x520,34,17 x 78 x 520 MM,1644,1.134,0,1644,⏳ ยังไม่รับ,-
35,2026-07-21,PL-28/ASN/TM/VII/26,TRHU 5939460/ID49590AA,S4S 17x78x520,35,17 x 78 x 520 MM,1644,1.134,0,1644,⏳ ยังไม่รับ,-
36,2026-07-21,PL-28/ASN/TM/VII/26,TRHU 5939460/ID49590AA,S4S 17x78x520,36,17 x 78 x 520 MM,1644,1.134,0,1644,⏳ ยังไม่รับ,-
37,2026-07-21,PL-28/ASN/TM/VII/26,TRHU 5939460/ID49590AA,S4S 17x78x470,37,17 x 78 x 470 MM,1644,1.025,0,1644,⏳ ยังไม่รับ,-
